	{

		"metadata": {
			"formatVersion" : 3.1,
			"generatedBy"   : "Blender 2.7 Exporter",
			"vertices"      : 32,
			"faces"         : 24,
			"normals"       : 19,
			"colors"        : 0,
			"uvs"           : [],
			"materials"     : 1,
			"morphTargets"  : 0,
			"bones"         : 0
		},

			"scale" : 1.000000,
			
			"vertices" : [0.35,0.119,-0.05,0.35,0.119,0.05,0.25,0.119,0.05,0.25,0.119,-0.05,0.35,0.121,-0.05,0.35,0.121,0.05,0.25,0.121,0.05,0.25,0.121,-0.05,1.1,-0.001,-0.05,1.1,-0.000999998,0.05,-0.1,-0.000999998,0.05,-0.0999998,-0.001,-0.05,1.1,0.000999998,-0.05,1.1,0.001,0.05,-0.1,0.001,0.05,-0.1,0.000999998,-0.05,0.2,0.009,-0.05,0.2,0.009,0.05,0.1,0.009,0.05,0.1,0.009,-0.05,0.2,0.011,-0.05,0.2,0.011,0.05,0.1,0.011,0.05,0.1,0.011,-0.05,0.35,0.019,-0.05,0.35,0.019,0.05,0.25,0.019,0.05,0.25,0.019,-0.05,0.35,0.021,-0.05,0.35,0.021,0.05,0.25,0.021,0.05,0.25,0.021,-0.05],
			"faces"    : [35,0,1,2,3,0,0,1,2,3,35,4,7,6,5,0,4,5,6,7,35,0,4,5,1,0,0,4,7,1,35,1,5,6,2,0,1,7,6,2,35,2,6,7,3,0,2,6,5,3,35,4,0,3,7,0,4,0,3,5,35,8,9,10,11,1,8,9,2,10,35,12,15,14,13,1,11,12,13,14,35,8,12,13,9,1,8,11,14,9,35,9,13,14,10,1,9,14,13,2,35,10,14,15,11,1,2,13,12,10,35,12,8,11,15,1,11,8,10,12,35,16,17,18,19,2,15,1,16,10,35,20,23,22,21,2,4,5,17,18,35,16,20,21,17,2,15,4,18,1,35,17,21,22,18,2,1,18,17,16,35,18,22,23,19,2,16,17,5,10,35,20,16,19,23,2,4,15,10,5,35,24,25,26,27,3,0,1,2,3,35,28,31,30,29,3,4,5,6,7,35,24,28,29,25,3,0,4,7,1,35,25,29,30,26,3,1,7,6,2,35,26,30,31,27,3,2,6,5,3,35,28,24,27,31,3,4,0,3,5],
			"uvs"      : [],
			"normals"  : [0.577319,-0.577349,-0.577349,0.577349,-0.577349,0.577319,-0.577319,-0.577349,0.577349,-0.577319,-0.577319,-0.577349,0.577349,0.577349,-0.577319,-0.577349,0.577349,-0.577319,-0.577349,0.577349,0.577349,0.577319,0.577319,0.577349,0.577319,-0.577319,-0.57738,0.577349,-0.57738,0.577288,-0.577319,-0.577349,-0.577349,0.577349,0.577349,-0.577288,-0.577349,0.577319,-0.577319,-0.57738,0.577319,0.577319,0.577319,0.577319,0.57738,0.577319,-0.577319,-0.577349,-0.577319,-0.577349,0.577319,-0.577349,0.577319,0.577349,0.577319,0.577349,0.577349],
			
			"skinIndices"  : [],
			"skinWeights"  : [],
			"morphTargets" : [],
			
			"bones"      : [],
			"animations" : [],
			
			"colors"    : [],
			"materials" : [
				{
					"DbgColor": 15658734,
					"DbgIndex": 0,
					"DbgName": "Material.001",
					"blending": "NormalBlending",
					"colorAmbient": [0.0, 0.0, 0.0],
					"colorDiffuse": [0.019345786422491074, 0.03268420323729515, 0.8000000715255737],
					"colorEmissive": [0.0, 0.0, 0.0],
					"colorSpecular": [0.5, 0.5, 0.5],
					"depthTest": true,
					"depthWrite": true,
					"shading": "Lambert",
					"specularCoef": 50,
					"transparency": 1.0,
					"transparent": false,
					"vertexColors": false
				},
				{
					"DbgColor": 15597568,
					"DbgIndex": 1,
					"DbgName": "Material",
					"blending": "NormalBlending",
					"colorAmbient": [0.0, 0.0, 0.0],
					"colorDiffuse": [0.04807053878903389, 0.8000000715255737, 0.0191053319722414],
					"colorEmissive": [0.0, 0.0, 0.0],
					"colorSpecular": [0.5, 0.5, 0.5],
					"depthTest": true,
					"depthWrite": true,
					"shading": "Lambert",
					"specularCoef": 50,
					"transparency": 1.0,
					"transparent": false,
					"vertexColors": false
				},
				{
					"DbgColor": 15597568,
					"DbgIndex": 1,
					"DbgName": "Material",
					"blending": "NormalBlending",
					"colorAmbient": [0.0, 0.0, 0.0],
					"colorDiffuse": [0.04807053878903389, 0.8000000715255737, 0.0191053319722414],
					"colorEmissive": [0.0, 0.0, 0.0],
					"colorSpecular": [0.5, 0.5, 0.5],
					"depthTest": true,
					"depthWrite": true,
					"shading": "Lambert",
					"specularCoef": 50,
					"transparency": 1.0,
					"transparent": false,
					"vertexColors": false
				},
				{
					"DbgColor": 15597568,
					"DbgIndex": 1,
					"DbgName": "Material",
					"blending": "NormalBlending",
					"colorAmbient": [0.0, 0.0, 0.0],
					"colorDiffuse": [0.04807053878903389, 0.8000000715255737, 0.0191053319722414],
					"colorEmissive": [0.0, 0.0, 0.0],
					"colorSpecular": [0.5, 0.5, 0.5],
					"depthTest": true,
					"depthWrite": true,
					"shading": "Lambert",
					"specularCoef": 50,
					"transparency": 1.0,
					"transparent": false,
					"vertexColors": false
				}
			]


	}
